Nome,Idade,Cidade
John King,26,Port Dennis
Cynthia Price,57,Knighthaven
Stephen Miller,57,South Davidmouth
Victor Jones,56,South Chelseabury
Tammy Carey,59,East Richardchester
Kevin Harper,35,South Lynntown
Tammy Burch,29,South Alexischester
Ann Shaw,26,Lake Thomashaven
Vincent Diaz,58,East Randy
Margaret Collins,34,Moralestown
Alexander Hughes,31,Adamsview
Ashley Murphy,24,Port Aprilhaven
Elizabeth Cortez,18,New Kurt
Diane Chang,28,Smithfurt
Robert Mcclure,45,Port Johnberg
Anthony Bell,37,Michaelview
Mitchell Holmes,21,Brandonberg
Alexis Villa,53,Batesfort
Bruce Golden,32,Ryanchester
Donna Rodriguez,57,Harrisville
Edwin Espinoza,22,Andrewhaven
Nicole Sullivan,23,West Joseph
David Swanson,18,Port Katherineview
Adam Lopez,41,Carterfurt
James Harris,27,South John
